"age","gender","cat1","cat2","cat3","cat4","num1","num2","num3","num4"
,,1,,0,0,56.1437639407814,83.8725417852402,,
3,,1,1,,0,194.947139779106,,,-76.2456444557756
,,0,1,,1,173.781056795269,,31092,-55.9031541924924
,,0,0,,0,81.6996804904193,,,
,,1,0,,1,45.9100983571261,,46218,
,,1,1,,1,,,,
52,,,1,0,1,55.0632501021028,,23055,71.2972350884229
64,,0,,,1,67.814415646717,,27806,
42,,1,0,,1,3.49038457497954,,16195,
,,,,,1,72.6265827193856,,19015,
